35759,88278887,JDA,357,LF357N,NSC,DIP-8,NULL,只,.00,.00,NULL,NULL,0,0,JBHzUserData,2006-12-30 12:15:19.263,chy,NULL,.000,2.500000,4.800000,NULL,NULL,NULL,1,NULL,NULL,NULL,NULL,NULL,1,1,NULL
35858,88278887,JAN,74HC08,M74HC08B1R,ST,DIP-14,NULL,只,.00,.00,,NULL,0,0,JBHzUserData,2006-12-30 12:15:19.263,chy,NULL,.000,.550000,.550000,NULL,NULL,NULL,1,NULL,NULL,NULL,NULL,NULL,1,1,NULL
35864,88278887,JAN,74HC32,74HC32N,NXP,DIP-14,NULL,只,.00,.00,,NULL,0,0,JBHzUserData,2006-12-30 12:15:19.263,chy,NULL,.000,.300000,.300000,NULL,NULL,NULL,1,NULL,NULL,NULL,NULL,NULL,1,1,NULL
35926,88278887,JAN,4040,CD4040BCN,FAI,PDIP,NULL,只,.00,.00,NULL,NULL,0,0,JBHzUserData,2006-12-30 12:15:19.263,chy,NULL,.000,.559000,.559000,NULL,NULL,NULL,1,NULL,NULL,NULL,NULL,NULL,1,1,NULL
36104,88278887,IBK,0V8 1/2W,BZX55C 0V8 ,SEMTECH,DO-35,NULL,只,.00,.00,1/2W 0V8,NULL,0,0,JBHzUserData,2006-12-30 12:15:19.263,chy,NULL,.000,.000000,.000000,NULL,NULL,NULL,1,NULL,NULL,NULL,NULL,NULL,1,1,NULL
36253,88278887,JCA,AT93C46-10PI,AT93C46-10PI,ATMEL,DIP,NULL,只,.00,.00,重复,NULL,0,0,JBHzUserData,2006-12-30 12:15:19.263,chy,NULL,.000,.730000,.730000,NULL,NULL,NULL,1,NULL,NULL,NULL,NULL,NULL,NULL,NULL,NULL
36362,88278887,JGD,3361,MC3361BP,ON,DIP-16,NULL,只,.00,.00,NULL,NULL,0,0,JBHzUserData,2006-12-30 12:15:19.263,chy,NULL,.000,2.200000,2.200000,NULL,NULL,NULL,1,NULL,NULL,NULL,NULL,NULL,1,1,NULL
36494,88278887,JEE,197,MAX197BCNI,MAX,PDIP,NULL,只,.00,.00,NULL,NULL,0,0,JBHzUserData,2006-12-30 12:15:19.263,chy,NULL,.000,110.000000,110.000000,NULL,NULL,NULL,1,NULL,NULL,NULL,NULL,NULL,1,1,NULL
36536,88278887,ABD,3362P-100,3362P-1-100,BOSS,,NULL,只,.00,.00,NULL,NULL,0,0,JBHzUserData,2006-12-30 12:15:19.263,chy,NULL,.000,.000000,.000000,NULL,NULL,NULL,1,NULL,NULL,NULL,NULL,NULL,1,1,NULL
36542,88278887,ABD,3386P-100,3386P-1-100,BOSS,,NULL,只,.00,.00,NULL,NULL,0,0,JBHzUserData,2006-12-30 12:15:19.263,chy,NULL,.000,.000000,.000000,NULL,NULL,NULL,1,NULL,NULL,NULL,NULL,NULL,1,1,NULL
36548,88278887,ABD,3362P-200,3362P-1-200,BOSS,,NULL,只,.00,.00,NULL,NULL,0,0,JBHzUserData,2006-12-30 12:15:19.263,chy,NULL,.000,.000000,.000000,NULL,NULL,NULL,1,NULL,NULL,NULL,NULL,NULL,1,1,NULL
36558,88278887,ABD,3386P-200,3386P-1-200,BOSS,,NULL,只,.00,.00,NULL,NULL,0,0,JBHzUserData,2006-12-30 12:15:19.263,chy,NULL,.000,.000000,.000000,NULL,NULL,NULL,1,NULL,NULL,NULL,NULL,NULL,1,1,NULL
36559,88278887,ABD,3386P-201,3386P-1-201,BOSS,,NULL,只,.00,.00,NULL,NULL,0,0,JBHzUserData,2006-12-30 12:15:19.263,chy,NULL,.000,.000000,.000000,NULL,NULL,NULL,1,NULL,NULL,NULL,NULL,NULL,1,1,NULL
36563,88278887,ABD,3386P-500,3386P-1-500,BOSS,,NULL,只,.00,.00,NULL,NULL,0,0,JBHzUserData,2006-12-30 12:15:19.263,chy,NULL,.000,.000000,.000000,NULL,NULL,NULL,1,NULL,NULL,NULL,NULL,NULL,1,1,NULL
36564,88278887,ABD,3386P-501,3386P-1-501,BOSS,,NULL,只,.00,.00,NULL,NULL,0,0,JBHzUserData,2006-12-30 12:15:19.263,chy,NULL,.000,.000000,.000000,NULL,NULL,NULL,1,NULL,NULL,NULL,NULL,NULL,1,1,NULL
36574,88278887,ABD,3006P-200,3006P-1-200,BOSS,,NULL,只,.00,.00,NULL,NULL,0,0,JBHzUserData,2006-12-30 12:15:19.263,chy,NULL,.000,.000000,.000000,NULL,NULL,NULL,1,NULL,NULL,NULL,NULL,NULL,1,1,NULL
36761,88278887,JAN,4538,CD4538BCMX,FAI,SOIC-16,,只,.00,.00,贴片,NULL,0,0,JBHzUserData,2006-12-30 12:15:19.263,chy,NULL,.000,.700000,.570000,1.100000,NULL,NULL,1,NULL,NULL,NULL,NULL,NULL,1,1,NULL
36925,88278887,JAA,74LS156,DM74LS156N,FAI,PDIP,,只,.00,.00,NULL,NULL,0,0,JBHzUserData,2006-12-30 12:15:19.263,chy,NULL,.000,1.500000,1.500000,1.100000,NULL,NULL,1,NULL,NULL,NULL,NULL,NULL,1,1,NULL
37013,88278887,JAN,4099,CD4099BCN,FAI,PDIP,,只,.00,.00,NULL,NULL,0,0,JBHzUserData,2006-12-30 12:15:19.263,chy,NULL,.000,1.500000,.990000,1.100000,NULL,NULL,1,NULL,NULL,NULL,NULL,NULL,1,1,NULL
37147,88278887,JAN,4017,MC14017BCP,ON,PDIP,,只,.00,.00,NULL,NULL,0,0,JBHzUserData,2006-12-30 12:15:19.263,chy,NULL,.000,1.000000,1.100000,1.100000,NULL,NULL,1,NULL,NULL,NULL,NULL,NULL,1,1,NULL
37324,88278887,JAN,74HC00,M74HC00B1R,ST,DIP-14,,只,.00,.00,,NULL,0,0,JBHzUserData,2006-12-30 12:15:19.263,chy,NULL,.000,.290000,.290000,1.100000,NULL,NULL,1,NULL,NULL,NULL,NULL,NULL,1,1,NULL
37343,88278887,JAN,74HC04,M74HC04B1R,ST,DIP-14,,只,.00,.00,,NULL,0,0,JBHzUserData,2006-12-30 12:15:19.263,chy,NULL,.000,.336000,.336000,1.100000,NULL,NULL,1,NULL,NULL,NULL,NULL,NULL,1,1,NULL
37484,88278887,JCP,82C55,MSM82C55A-2RS-7,OKI,DIP,,只,.00,.00,与MSM8255C55A-2RS-7重复,NULL,0,0,JBHzUserData,2006-12-30 12:15:19.263,chy,NULL,.000,9.000000,9.000000,NULL,NULL,1,1,NULL,NULL,NULL,NULL,NULL,NULL,NULL,NULL
37585,88278887,JCA,93C46,AT93C46-10PC-2.7,ATMEL,PDIP,,只,.00,.00,NULL,NULL,0,0,JBHzUserData,2006-12-30 12:15:19.263,chy,NULL,.000,.750000,.740000,NULL,NULL,NULL,1,NULL,NULL,NULL,NULL,NULL,1,1,NULL
37697,88278887,JAA,74LS259,SN74LS259N,MOT,DIP-16,,只,.00,.00,NULL,NULL,0,0,JBHzUserData,2006-12-30 12:15:19.263,chy,NULL,.000,.500000,.500000,1.100000,NULL,NULL,1,NULL,NULL,NULL,NULL,NULL,1,1,NULL
38297,88278887,JCN,68B09,MC68B09P,MOT,DIP-40,,只,.00,.00,NULL,NULL,0,0,JBHzUserData,2006-12-30 12:15:19.263,chy,NULL,.000,5.500000,5.500000,1.100000,NULL,1,1,NULL,NULL,NULL,NULL,NULL,1,1,NULL
38332,88278887,ABD,3386X-102,3386X-1-102,(BOSS),,,只,.00,.00,NULL,NULL,0,0,JBHzUserData,2006-12-30 12:15:19.263,chy,NULL,.000,.900000,.900000,1.100000,NULL,NULL,1,NULL,NULL,NULL,NULL,NULL,1,NULL,NULL
38431,88278887,JCA,24C04,AT24C04-10TU-2.7,ATMEL,TSSOP,,只,.00,.00,环保,NULL,0,0,JBHzUserData,2006-12-30 12:15:19.263,chy,NULL,.000,.789000,.780000,1.100000,NULL,NULL,1,NULL,NULL,NULL,NULL,NULL,1,1,NULL
38727,88278887,BAB,CC1-105P/50V,瓷片CC1-105P/50V,NULL,,,只,.00,.00,NULL,NULL,0,0,JBHzUserData,2006-12-30 12:15:19.263,chy,NULL,.000,.040000,.040000,NULL,NULL,NULL,1,NULL,NULL,NULL,NULL,NULL,1,1,NULL
38734,88278887,BAA,1uF/10V,钽电容CA-1uF/10V,,,,只,.00,.00,NULL,NULL,0,0,JBHzUserData,2006-12-30 12:15:19.263,chy,NULL,.000,.000000,.000000,NULL,NULL,NULL,1,NULL,NULL,NULL,NULL,NULL,1,1,NULL
38736,88278887,BAA,1uF/25V,钽电容CA-1uF/25V,,,,只,.00,.00,NULL,NULL,0,0,JBHzUserData,2006-12-30 12:15:19.263,chy,NULL,.000,.400000,.400000,NULL,NULL,NULL,1,NULL,NULL,NULL,NULL,NULL,1,1,NULL
38739,88278887,BAA,1uF/63V,钽电容CA-1uF/63V,,,,只,.00,.00,NULL,NULL,0,0,JBHzUserData,2006-12-30 12:15:19.263,chy,NULL,.000,.000000,.000000,NULL,NULL,NULL,1,NULL,NULL,NULL,NULL,NULL,1,1,NULL
38740,88278887,BAA,1uF/100V,钽电容CA-1uF/100V,,,,只,.00,.00,NULL,NULL,0,0,JBHzUserData,2006-12-30 12:15:19.263,chy,NULL,.000,.000000,.000000,NULL,NULL,NULL,1,NULL,NULL,NULL,NULL,NULL,1,1,NULL
38746,88278887,BAA,0.1uF/25V,钽电容CA-0.1uF/25V,,,,只,.00,.00,NULL,NULL,0,0,JBHzUserData,2006-12-30 12:15:19.263,chy,NULL,.000,.000000,.000000,NULL,NULL,NULL,1,NULL,NULL,NULL,NULL,NULL,1,1,NULL
38749,88278887,BAA,0.1uF/63V,钽电容CA-0.1uF/63V,,,,只,.00,.00,NULL,NULL,0,0,JBHzUserData,2006-12-30 12:15:19.263,chy,NULL,.000,.400000,.400000,NULL,NULL,NULL,1,NULL,NULL,NULL,NULL,NULL,1,1,NULL
38750,88278887,BAA,0.1uF/100V,钽电容CA-0.1uF/100V,,,,只,.00,.00,NULL,NULL,0,0,JBHzUserData,2006-12-30 12:15:19.263,chy,NULL,.000,.000000,.000000,NULL,NULL,NULL,1,NULL,NULL,NULL,NULL,NULL,1,1,NULL
38751,88278887,BAA,4.7uF/10V,钽电容CA-4.7uF/10V,,,,只,.00,.00,NULL,NULL,0,0,JBHzUserData,2006-12-30 12:15:19.263,chy,NULL,.000,.000000,.000000,NULL,NULL,NULL,1,NULL,NULL,NULL,NULL,NULL,1,1,NULL
38755,88278887,BAA,4.7uF/63V,钽电容CA-4.7uF/63V,,,,只,.00,.00,NULL,NULL,0,0,JBHzUserData,2006-12-30 12:15:19.263,chy,NULL,.000,.000000,.000000,NULL,NULL,NULL,1,NULL,NULL,NULL,NULL,NULL,1,1,NULL
38763,88278887,BAA,22uF/10V,钽电容CA-22uF/10V,,,,只,.00,.00,NULL,NULL,0,0,JBHzUserData,2006-12-30 12:15:19.263,chy,NULL,.000,.000000,.000000,NULL,NULL,NULL,1,NULL,NULL,NULL,NULL,NULL,1,1,NULL
38767,88278887,BAA,22uF/50V,钽电容CA-22uF/50V,,,,只,.00,.00,NULL,NULL,0,0,JBHzUserData,2006-12-30 12:15:19.263,chy,NULL,.000,.000000,.000000,NULL,NULL,NULL,1,NULL,NULL,NULL,NULL,NULL,1,1,NULL
38768,88278887,BAA,22uF/63V,钽电容CA-22uF/63V,,,,只,.00,.00,NULL,NULL,0,0,JBHzUserData,2006-12-30 12:15:19.263,chy,NULL,.000,.000000,.000000,NULL,NULL,NULL,1,NULL,NULL,NULL,NULL,NULL,1,1,NULL
38770,88278887,BAA,33uF/10V,钽电容CA-33uF/10V,,,,只,.00,.00,NULL,NULL,0,0,JBHzUserData,2006-12-30 12:15:19.263,chy,NULL,.000,.000000,.000000,NULL,NULL,NULL,1,NULL,NULL,NULL,NULL,NULL,1,1,NULL
38771,88278887,BAA,33uF/16V,钽电容CA-33uF/16V,,,,只,.00,.00,NULL,NULL,0,0,JBHzUserData,2006-12-30 12:15:19.263,chy,NULL,.000,.000000,.000000,NULL,NULL,NULL,1,NULL,NULL,NULL,NULL,NULL,1,1,NULL
38773,88278887,BAA,33uF/35V,钽电容CA-33uF/35V,,,,只,.00,.00,NULL,NULL,0,0,JBHzUserData,2006-12-30 12:15:19.263,chy,NULL,.000,.000000,.000000,NULL,NULL,NULL,1,NULL,NULL,NULL,NULL,NULL,1,1,NULL
38774,88278887,BAA,33uF/50V,钽电容CA-33uF/50V,,,,只,.00,.00,NULL,NULL,0,0,JBHzUserData,2006-12-30 12:15:19.263,chy,NULL,.000,.000000,.000000,NULL,NULL,NULL,1,NULL,NULL,NULL,NULL,NULL,1,1,NULL
38775,88278887,BAA,33uF/63V,钽电容CA-33uF/63V,,,,只,.00,.00,NULL,NULL,0,0,JBHzUserData,2006-12-30 12:15:19.263,chy,NULL,.000,.000000,.000000,NULL,NULL,NULL,1,NULL,NULL,NULL,NULL,NULL,1,1,NULL
38776,88278887,BAA,33uF/100V,钽电容CA-33uF/100V,,,,只,.00,.00,NULL,NULL,0,0,JBHzUserData,2006-12-30 12:15:19.263,chy,NULL,.000,.000000,.000000,NULL,NULL,NULL,1,NULL,NULL,NULL,NULL,NULL,1,1,NULL
38777,88278887,BAA,47uF/10V,钽电容CA-47uF/10V,,,,只,.00,.00,NULL,NULL,0,0,JBHzUserData,2006-12-30 12:15:19.263,chy,NULL,.000,.600000,.600000,NULL,NULL,NULL,1,NULL,NULL,NULL,NULL,NULL,1,1,NULL
38784,88278887,BAA,6.8uF/10V,钽电容CA-6.8uF/10V,,,,只,.00,.00,NULL,NULL,0,0,JBHzUserData,2006-12-30 12:15:19.263,chy,NULL,.000,.000000,.000000,NULL,NULL,NULL,1,NULL,NULL,NULL,NULL,NULL,1,1,NULL
38786,88278887,BAA,6.8uF/25V,钽电容CA-6.8uF/25V,,,,只,.00,.00,NULL,NULL,0,0,JBHzUserData,2006-12-30 12:15:19.263,chy,NULL,.000,.000000,.000000,NULL,NULL,NULL,1,NULL,NULL,NULL,NULL,NULL,1,1,NULL
38787,88278887,BAA,6.8uF/35V,钽电容CA-6.8uF/35V,,,,只,.00,.00,NULL,NULL,0,0,JBHzUserData,2006-12-30 12:15:19.263,chy,NULL,.000,.000000,.000000,NULL,NULL,NULL,1,NULL,NULL,NULL,NULL,NULL,1,1,NULL
38788,88278887,BAA,6.8uF/50V,钽电容CA-6.8uF/50V,,,,只,.00,.00,NULL,NULL,0,0,JBHzUserData,2006-12-30 12:15:19.263,chy,NULL,.000,.000000,.000000,NULL,NULL,NULL,1,NULL,NULL,NULL,NULL,NULL,1,1,NULL
38791,88278887,BAA,68uF/10V,钽电容CA-68uF/10V,,,,只,.00,.00,NULL,NULL,0,0,JBHzUserData,2006-12-30 12:15:19.263,chy,NULL,.000,.000000,.000000,NULL,NULL,NULL,1,NULL,NULL,NULL,NULL,NULL,1,1,NULL
38792,88278887,BAA,68uF/16V,钽电容CA-68uF/16V,,,,只,.00,.00,NULL,NULL,0,0,JBHzUserData,2006-12-30 12:15:19.263,chy,NULL,.000,.000000,.000000,NULL,NULL,NULL,1,NULL,NULL,NULL,NULL,NULL,1,1,NULL
38793,88278887,BAA,68uF/25V,钽电容CA-68uF/25V,,,,只,.00,.00,NULL,NULL,0,0,JBHzUserData,2006-12-30 12:15:19.263,chy,NULL,.000,.000000,.000000,NULL,NULL,NULL,1,NULL,NULL,NULL,NULL,NULL,1,1,NULL
38794,88278887,BAA,68uF/35V,钽电容CA-68uF/35V,,,,只,.00,.00,NULL,NULL,0,0,JBHzUserData,2006-12-30 12:15:19.263,chy,NULL,.000,.000000,.000000,NULL,NULL,NULL,1,NULL,NULL,NULL,NULL,NULL,1,1,NULL
38795,88278887,BAA,68uF/50V,钽电容CA-68uF/50V,,,,只,.00,.00,NULL,NULL,0,0,JBHzUserData,2006-12-30 12:15:19.263,chy,NULL,.000,.000000,.000000,NULL,NULL,NULL,1,NULL,NULL,NULL,NULL,NULL,1,1,NULL
38796,88278887,BAA,68uF/63V,钽电容CA-68uF/63V,,,,只,.00,.00,NULL,NULL,0,0,JBHzUserData,2006-12-30 12:15:19.263,chy,NULL,.000,.000000,.000000,NULL,NULL,NULL,1,NULL,NULL,NULL,NULL,NULL,1,1,NULL
38801,88278887,BAA,100uF/35V,钽电容CA-100uF/35V,,,,只,.00,.00,NULL,NULL,0,0,JBHzUserData,2006-12-30 12:15:19.263,chy,NULL,.000,.000000,.000000,NULL,NULL,NULL,1,NULL,NULL,NULL,NULL,NULL,1,1,NULL
38802,88278887,BAA,100uF/50V,钽电容CA-100uF/50V,,,,只,.00,.00,NULL,NULL,0,0,JBHzUserData,2006-12-30 12:15:19.263,chy,NULL,.000,.000000,.000000,NULL,NULL,NULL,1,NULL,NULL,NULL,NULL,NULL,1,1,NULL
38803,88278887,BAA,100uF/63V,钽电容CA-100uF/63V,,,,只,.00,.00,NULL,NULL,0,0,JBHzUserData,2006-12-30 12:15:19.263,chy,NULL,.000,.000000,.000000,NULL,NULL,NULL,1,NULL,NULL,NULL,NULL,NULL,1,1,NULL
38808,88278887,BAA,470uF/35V,钽电容CA-470uF/35V,,,,只,.00,.00,NULL,NULL,0,0,JBHzUserData,2006-12-30 12:15:19.263,chy,NULL,.000,.025000,.025000,NULL,NULL,NULL,1,NULL,NULL,NULL,NULL,NULL,1,1,NULL
38809,88278887,BAA,470uF/50V,钽电容CA-470uF/50V,,,,只,.00,.00,NULL,NULL,0,0,JBHzUserData,2006-12-30 12:15:19.263,chy,NULL,.000,.280000,.280000,NULL,NULL,NULL,1,NULL,NULL,NULL,NULL,NULL,1,1,NULL
38810,88278887,BAA,470uF/63V,钽电容CA-470uF/63V,,,,只,.00,.00,NULL,NULL,0,0,JBHzUserData,2006-12-30 12:15:19.263,chy,NULL,.000,.000000,.000000,NULL,NULL,NULL,1,NULL,NULL,NULL,NULL,NULL,1,1,NULL
38812,88278887,BAA,680uF/10V,钽电容CA-680uF/10V,,,,只,.00,.00,NULL,NULL,0,0,JBHzUserData,2006-12-30 12:15:19.263,chy,NULL,.000,.000000,.000000,NULL,NULL,NULL,1,NULL,NULL,NULL,NULL,NULL,1,1,NULL
38813,88278887,BAA,680uF/16V,钽电容CA-680uF/16V,,,,只,.00,.00,NULL,NULL,0,0,JBHzUserData,2006-12-30 12:15:19.263,chy,NULL,.000,.000000,.000000,NULL,NULL,NULL,1,NULL,NULL,NULL,NULL,NULL,1,1,NULL
38821,88278887,BAA,1000uF/35V,钽电容CA-1000uF/35V,,,,只,.00,.00,NULL,NULL,0,0,JBHzUserData,2006-12-30 12:15:19.263,chy,NULL,.000,.350000,.350000,NULL,NULL,NULL,1,NULL,NULL,NULL,NULL,NULL,1,1,NULL
38822,88278887,BAA,1000uF/50V,钽电容CA-1000uF/50V,,,,只,.00,.00,NULL,NULL,0,0,JBHzUserData,2006-12-30 12:15:19.263,chy,NULL,.000,.360000,.360000,NULL,NULL,NULL,1,NULL,NULL,NULL,NULL,NULL,1,1,NULL
38823,88278887,BAA,1000uF/63V,钽电容CA-1000uF/63V,,,,只,.00,.00,NULL,NULL,0,0,JBHzUserData,2006-12-30 12:15:19.263,chy,NULL,.000,.000000,.000000,NULL,NULL,NULL,1,NULL,NULL,NULL,NULL,NULL,1,1,NULL
38874,88278887,JAN,74HCT245,MM74HCT245N,FAI,PDIP,,只,.00,.00,,NULL,0,0,JBHzUserData,2006-12-30 12:15:19.263,chy,NULL,.000,1.000000,1.000000,NULL,NULL,NULL,1,NULL,NULL,NULL,NULL,NULL,1,1,NULL
39012,88278887,BAB,CC1-3.3P/50V,瓷片CC1-3.3P/50V,NULL,,,只,.00,.00,NULL,NULL,0,0,JBHzUserData,2006-12-30 12:15:19.263,chy,NULL,.000,.005000,.005000,NULL,NULL,NULL,1,NULL,NULL,NULL,NULL,NULL,1,1,NULL
39084,88278887,BAB,CC1-7P/50V,瓷片CC1-7P/50V,NULL,,,只,.00,.00,NULL,NULL,0,0,JBHzUserData,2006-12-30 12:15:19.263,chy,NULL,.000,.004900,.004900,NULL,NULL,NULL,1,NULL,NULL,NULL,NULL,NULL,1,1,NULL
39116,88278887,JDA,4556,NJM4556AD,JRC,DIP-8,,只,.00,.00,NULL,NULL,0,0,JBHzUserData,2006-12-30 12:15:19.263,chy,NULL,.000,1.800000,1.800000,NULL,NULL,NULL,1,NULL,NULL,NULL,NULL,NULL,1,1,NULL
39133,88278887,JDA,3080,CA3080E,INTS,PDIP,,只,.00,.00,NULL,NULL,0,0,JBHzUserData,2006-12-30 12:15:19.263,chy,NULL,.000,4.500000,4.500000,NULL,NULL,NULL,1,NULL,NULL,NULL,NULL,NULL,1,1,NULL
39195,88278887,UE,XXQ,讯响器 24V(一体化),CH,,,只,.00,.00,NULL,NULL,0,0,JBHzUserData,2006-12-30 12:15:19.263,chy,NULL,.000,.350000,.261000,NULL,NULL,NULL,1,NULL,NULL,NULL,NULL,NULL,1,1,NULL
39282,88278887,BAB,CC1-1.2P/50V,瓷片CC1-1.2P/50V,NULL,,,只,.00,.00,NULL,NULL,0,0,JBHzUserData,2006-12-30 12:15:19.263,chy,NULL,.000,.000000,.000000,NULL,NULL,NULL,1,NULL,NULL,NULL,NULL,NULL,1,1,NULL
39324,88278887,JCN,8535,ATMEGA8535L-8PI,ATMEL,PDIP,,只,.00,.00,NULL,NULL,0,0,JBHzUserData,2006-12-30 12:15:19.263,chy,NULL,.000,11.000000,11.000000,NULL,NULL,1,1,NULL,NULL,NULL,NULL,NULL,1,1,NULL
39446,88278887,JFO,7317,TA7317P,TOS,SIP,,只,.00,.00,NULL,NULL,0,0,JBHzUserData,2006-12-30 12:15:19.263,chy,NULL,.000,4.000000,4.000000,1.100000,NULL,NULL,1,NULL,NULL,NULL,NULL,NULL,1,1,NULL
39481,NULL,JCN,89S52,AT89S52-24PI,ATMEL,PDIP,,只,.00,.00,工业级,NULL,0,0,JBHzUserData,2006-12-30 12:15:19.263,chy,NULL,.000,6.513500,5.850000,1.100000,NULL,1,1,NULL,NULL,NULL,NULL,NULL,1,1,NULL
39483,NULL,JAA,74LS03,SN74LS03N,TI,DIP-14,,只,.00,.00,NULL,NULL,0,0,JBHzUserData,2006-12-30 12:15:19.263,chy,NULL,.000,.850000,.680000,1.100000,NULL,NULL,1,NULL,NULL,NULL,NULL,NULL,1,1,NULL
39519,NULL,JAN,74HC10,SN74HC10N,TI,PDIP,,只,.00,.00,,NULL,0,0,JBHzUserData,2006-12-30 12:15:19.263,chy,NULL,.000,.650000,.450000,1.100000,NULL,NULL,1,NULL,NULL,NULL,NULL,NULL,1,1,NULL
39588,NULL,JFO,TDA2004,TDA2004A,ST,Multiwatt11,,只,.00,.00,NULL,NULL,0,0,JBHzUserData,2006-12-30 12:15:19.263,chy,NULL,.000,.900000,.920000,1.100000,NULL,NULL,1,NULL,NULL,NULL,NULL,NULL,1,1,NULL
39593,NULL,IDH,IRF634,IRF634B,FAI,TO-220,,只,.00,.00,NULL,NULL,0,0,JBHzUserData,2006-12-30 12:15:19.263,chy,NULL,.000,1.500000,1.500000,1.100000,NULL,NULL,1,NULL,NULL,NULL,NULL,NULL,1,1,NULL
39841,NULL,JCN,89S8252,AT89S8252-24PI,ATMEL,PDIP,,只,.00,.00,NULL,NULL,0,0,JBHzUserData,2006-12-30 12:15:19.263,chy,NULL,.000,45.000000,45.000000,NULL,NULL,1,1,NULL,NULL,NULL,NULL,NULL,1,1,NULL
39862,NULL,JEB,16512,HT16512,HT,PLCC,,只,.00,.00,NULL,NULL,0,0,JBHzUserData,2006-12-30 12:15:19.263,chy,NULL,.000,1.200000,1.200000,NULL,NULL,NULL,1,NULL,NULL,NULL,NULL,NULL,1,1,NULL
39939,NULL,IBN,P6KE11,P6KE11A,CH,DO-15,,只,.00,.00,,NULL,0,0,JBHzUserData,2006-12-30 12:15:19.263,chy,NULL,.000,.350000,.350000,NULL,NULL,NULL,1,NULL,NULL,NULL,NULL,NULL,1,1,NULL
40091,NULL,JEB,5109,LM5109MAX,NSC,SOIC-8,,只,.00,.00,NULL,NULL,0,0,JBHzUserData,2006-12-30 12:15:19.263,chy,NULL,.000,2.570400,2.570400,1.100000,NULL,NULL,1,NULL,NULL,NULL,NULL,NULL,1,1,NULL
40172,NULL,JAN,74HC85M,CD74HC85NSR,TI,SOP-16,,只,.00,.00,贴片,NULL,0,0,JBHzUserData,2006-12-30 12:15:19.263,chy,NULL,.000,1.600000,1.600000,1.100000,NULL,NULL,1,NULL,NULL,NULL,NULL,NULL,1,1,NULL
40221,NULL,PCA,3020,MOC3020,MOT,DIP-6,,只,.00,.00,NULL,NULL,0,0,JBHzUserData,2006-12-30 12:15:19.263,chy,NULL,.000,1.100000,1.100000,1.100000,NULL,NULL,1,NULL,NULL,NULL,NULL,NULL,1,1,NULL
40276,NULL,JAN,74HC10,TC74HC10AP,TOS,DIP-14,,只,.00,.00,,NULL,0,0,JBHzUserData,2006-12-30 12:15:19.263,chy,NULL,.000,.750000,.550000,NULL,NULL,NULL,1,NULL,NULL,NULL,NULL,NULL,1,1,NULL
40278,NULL,JAN,74HC148,M74HC148B1R,ST,DIP-16,,只,.00,.00,,NULL,0,0,JBHzUserData,2006-12-30 12:15:19.263,chy,NULL,.000,1.000000,1.000000,NULL,NULL,NULL,1,NULL,NULL,NULL,NULL,NULL,1,1,NULL
40312,NULL,ABD,3296W-254,3296W-1-254,(BOSS),,,只,.00,.00,NULL,NULL,0,0,JBHzUserData,2006-12-30 12:15:19.263,chy,NULL,.000,.000000,.000000,NULL,NULL,NULL,1,NULL,NULL,NULL,NULL,NULL,1,NULL,NULL
40316,NULL,ABD,3296X-104,3296X-1-104,(BOSS),,,只,.00,.00,NULL,NULL,0,0,JBHzUserData,2006-12-30 12:15:19.263,chy,NULL,.000,.700000,.700000,NULL,NULL,NULL,1,NULL,NULL,NULL,NULL,NULL,1,NULL,NULL
40319,NULL,ABD,3296X-202,3296X-1-202,(BOSS),,,只,.00,.00,NULL,NULL,0,0,JBHzUserData,2006-12-30 12:15:19.263,chy,NULL,.000,.000000,.000000,NULL,NULL,NULL,1,NULL,NULL,NULL,NULL,NULL,1,NULL,NULL
40320,NULL,ABD,3296X-203,3296X-1-203,(BOSS),,,只,.00,.00,NULL,NULL,0,0,JBHzUserData,2006-12-30 12:15:19.263,chy,NULL,.000,.000000,.000000,NULL,NULL,NULL,1,NULL,NULL,NULL,NULL,NULL,1,NULL,NULL
40321,NULL,ABD,3296X-500,3296X-1-500,BOSS,,,只,.00,.00,NULL,NULL,0,0,JBHzUserData,2006-12-30 12:15:19.263,chy,NULL,.000,.000000,.000000,NULL,NULL,NULL,1,NULL,NULL,NULL,NULL,NULL,1,1,NULL
40322,NULL,ABD,3296X-500,3296X-1-500,CH,,,只,.00,.00,NULL,NULL,0,0,JBHzUserData,2006-12-30 12:15:19.263,chy,NULL,.000,.000000,.000000,NULL,NULL,NULL,1,NULL,NULL,NULL,NULL,NULL,1,1,NULL
40325,NULL,ABD,3296X-504,3296X-1-504,BOSS,,,只,.00,.00,NULL,NULL,0,0,JBHzUserData,2006-12-30 12:15:19.263,chy,NULL,.000,.000000,.000000,NULL,NULL,NULL,1,NULL,NULL,NULL,NULL,NULL,1,1,NULL
40326,NULL,ABD,3296X-504,3296X-1-504,(BOSS),,,只,.00,.00,NULL,NULL,0,0,JBHzUserData,2006-12-30 12:15:19.263,chy,NULL,.000,.000000,.000000,NULL,NULL,NULL,1,NULL,NULL,NULL,NULL,NULL,1,NULL,NULL
40327,NULL,ABD,3362P-100,3362P-1-100,CH,,,只,.00,.00,NULL,NULL,0,0,JBHzUserData,2006-12-30 12:15:19.263,chy,NULL,.000,.000000,.000000,NULL,NULL,NULL,1,NULL,NULL,NULL,NULL,NULL,1,1,NULL
40329,NULL,ABD,3362P-105,3362P-1-105,(BOSS),,,只,.00,.00,NULL,NULL,0,0,JBHzUserData,2006-12-30 12:15:19.263,chy,NULL,.000,.000000,.000000,NULL,NULL,NULL,1,NULL,NULL,NULL,NULL,NULL,1,NULL,NULL
40331,NULL,ABD,3362P-200,3362P-1-200,CH,,,只,.00,.00,NULL,NULL,0,0,JBHzUserData,2006-12-30 12:15:19.263,chy,NULL,.000,.000000,.000000,NULL,NULL,NULL,1,NULL,NULL,NULL,NULL,NULL,1,1,NULL
40332,NULL,ABD,3006P-100,3006P-1-100,(BOSS),,,只,.00,.00,NULL,NULL,0,0,JBHzUserData,2006-12-30 12:15:19.263,chy,NULL,.000,.000000,.000000,NULL,NULL,NULL,1,NULL,NULL,NULL,NULL,NULL,1,NULL,NULL
40333,NULL,ABD,3006P-100,3006P-1-100,CH,,,只,.00,.00,NULL,NULL,0,0,JBHzUserData,2006-12-30 12:15:19.263,chy,NULL,.000,.000000,.000000,NULL,NULL,NULL,1,NULL,NULL,NULL,NULL,NULL,1,1,NULL
40334,NULL,ABD,3006P-105,3006P-1-105,(BOSS),,,只,.00,.00,NULL,NULL,0,0,JBHzUserData,2006-12-30 12:15:19.263,chy,NULL,.000,.000000,.000000,NULL,NULL,NULL,1,NULL,NULL,NULL,NULL,NULL,1,NULL,NULL
40336,NULL,ABD,3006P-200,3006P-1-200,(BOSS),,,只,.00,.00,NULL,NULL,0,0,JBHzUserData,2006-12-30 12:15:19.263,chy,NULL,.000,.000000,.000000,NULL,NULL,NULL,1,NULL,NULL,NULL,NULL,NULL,1,NULL,NULL
40337,NULL,ABD,3006P-200,3006P-1-200,CH,,,只,.00,.00,NULL,NULL,0,0,JBHzUserData,2006-12-30 12:15:19.263,chy,NULL,.000,.000000,.000000,NULL,NULL,NULL,1,NULL,NULL,NULL,NULL,NULL,1,1,NULL
40340,NULL,ABD,3006P-500,3006P-1-500,CH,,,只,.00,.00,NULL,NULL,0,0,JBHzUserData,2006-12-30 12:15:19.263,chy,NULL,.000,.000000,.000000,NULL,NULL,NULL,1,NULL,NULL,NULL,NULL,NULL,1,1,NULL
40341,NULL,ABD,3386P-100,3386P-1-100,(BOSS),,,只,.00,.00,NULL,NULL,0,0,JBHzUserData,2006-12-30 12:15:19.263,chy,NULL,.000,.000000,.000000,NULL,NULL,NULL,1,NULL,NULL,NULL,NULL,NULL,1,NULL,NULL
40342,NULL,ABD,3386P-100,3386P-1-100,CH,,,只,.00,.00,NULL,NULL,0,0,JBHzUserData,2006-12-30 12:15:19.263,chy,NULL,.000,.000000,.000000,NULL,NULL,NULL,1,NULL,NULL,NULL,NULL,NULL,1,1,NULL
40347,NULL,ABD,3386P-200,3386P-1-200,(BOSS),,,只,.00,.00,NULL,NULL,0,0,JBHzUserData,2006-12-30 12:15:19.263,chy,NULL,.000,.000000,.000000,NULL,NULL,NULL,1,NULL,NULL,NULL,NULL,NULL,1,NULL,NULL
40348,NULL,ABD,3386P-200,3386P-1-200,CH,,,只,.00,.00,NULL,NULL,0,0,JBHzUserData,2006-12-30 12:15:19.263,chy,NULL,.000,.000000,.000000,NULL,NULL,NULL,1,NULL,NULL,NULL,NULL,NULL,1,1,NULL
40349,NULL,ABD,3386P-201,3386P-1-201,(BOSS),,,只,.00,.00,NULL,NULL,0,0,JBHzUserData,2006-12-30 12:15:19.263,chy,NULL,.000,.000000,.000000,NULL,NULL,NULL,1,NULL,NULL,NULL,NULL,NULL,1,NULL,NULL
40350,NULL,ABD,3386P-201,3386P-1-201,CH,,,只,.00,.00,NULL,NULL,0,0,JBHzUserData,2006-12-30 12:15:19.263,chy,NULL,.000,.000000,.000000,NULL,NULL,NULL,1,NULL,NULL,NULL,NULL,NULL,1,1,NULL
40355,NULL,ABD,3386P-500,3386P-1-500,(BOSS),,,只,.00,.00,NULL,NULL,0,0,JBHzUserData,2006-12-30 12:15:19.263,chy,NULL,.000,.000000,.000000,NULL,NULL,NULL,1,NULL,NULL,NULL,NULL,NULL,1,NULL,NULL
40356,NULL,ABD,3386P-500,3386P-1-500,CH,,,只,.00,.00,NULL,NULL,0,0,JBHzUserData,2006-12-30 12:15:19.263,chy,NULL,.000,.000000,.000000,NULL,NULL,NULL,1,NULL,NULL,NULL,NULL,NULL,1,1,NULL
40357,NULL,ABD,3386P-501,3386P-1-501,(BOSS),,,只,.00,.00,NULL,NULL,0,0,JBHzUserData,2006-12-30 12:15:19.263,chy,NULL,.000,.000000,.000000,NULL,NULL,NULL,1,NULL,NULL,NULL,NULL,NULL,1,NULL,NULL
40359,NULL,ABD,3386P-502,3386P-1-502,(BOSS),,,只,.00,.00,NULL,NULL,0,0,JBHzUserData,2006-12-30 12:15:19.263,chy,NULL,.000,.000000,.000000,NULL,NULL,NULL,1,NULL,NULL,NULL,NULL,NULL,1,NULL,NULL
40391,NULL,JEB,FSAM15SH60A,FSAM15SH60A,FAI,DIP,,只,.00,.00,智能功率模块 ,NULL,0,0,JBHzUserData,2006-12-30 12:15:19.263,chy,NULL,.000,.000000,70.450000,1.100000,NULL,NULL,1,NULL,NULL,NULL,NULL,NULL,1,1,NULL
40439,NULL,JDD,MAX355,MAX355CPE,MAX,DIP-16,,只,.00,.00,NULL,NULL,0,0,JBHzUserData,2006-12-30 12:15:19.263,chy,NULL,.000,.000000,27.000000,NULL,NULL,NULL,1,NULL,NULL,NULL,NULL,NULL,1,1,NULL
40442,NULL,JDC,PS767D301,PS767D301PWP,TI,TSSOP,,只,.00,.00,NULL,NULL,0,0,JBHzUserData,2006-12-30 12:15:19.263,chy,NULL,.000,.000000,20.000000,1.100000,NULL,NULL,1,NULL,NULL,NULL,NULL,NULL,1,1,NULL
40443,NULL,JCN,ADUC812BS,ADUC812BS,AD,TQFP,,只,.00,.00,NULL,NULL,0,0,JBHzUserData,2006-12-30 12:15:19.263,chy,NULL,.000,.000000,53.000000,1.100000,NULL,1,1,NULL,NULL,NULL,NULL,NULL,1,NULL,NULL
40446,NULL,JCN,16C55,PIC16C55/P,MIC,PDIP,,只,.00,.00,NULL,NULL,0,0,JBHzUserData,2006-12-30 12:15:19.263,chy,NULL,.000,.000000,.000000,NULL,NULL,1,1,NULL,NULL,NULL,NULL,NULL,1,NULL,NULL
40449,NULL,JGD,BH1417F,BH1417F,ROHM,SOP-22,,只,.00,.00,NULL,NULL,0,0,JBHzUserData,2006-12-30 12:15:19.263,chy,NULL,.000,.000000,12.000000,1.100000,NULL,NULL,1,NULL,NULL,NULL,NULL,NULL,1,1,NULL
40458,NULL,JCN,18F252,PIC18F252-I/SP,MIC,SPDIP,,只,.00,.00,NULL,NULL,0,0,JBHzUserData,2006-12-30 12:15:19.263,chy,NULL,.000,.000000,25.500000,1.100000,NULL,1,1,NULL,NULL,NULL,NULL,NULL,1,1,NULL
40460,NULL,IBC,F30U60DU,FFA30U60DN,FAI,TO-3P,,只,.00,.00,,NULL,0,0,JBHzUserData,2006-12-30 12:15:19.263,chy,NULL,.000,.000000,8.000000,NULL,NULL,NULL,1,NULL,NULL,NULL,NULL,NULL,1,1,NULL
40479,NULL,IDA,3904,2N3904S,KEC,SOT-23,,只,.00,.00,NULL,NULL,0,0,JBHzUserData,2006-12-30 12:15:19.263,chy,NULL,.000,.000000,.048000,1.100000,NULL,NULL,1,NULL,NULL,NULL,NULL,NULL,1,1,NULL
40481,NULL,JAA,74LS367,SN74LS367AN,TI,DIP-16,,只,.00,.00,NULL,NULL,0,0,JBHzUserData,2006-12-30 12:15:19.263,chy,NULL,.000,.000000,1.100000,1.100000,NULL,NULL,1,NULL,NULL,NULL,NULL,NULL,1,1,NULL
40488,NULL,JEB,SN75451BD,SN75451BD,TI,SOIC-8,,只,.00,.00,NULL,NULL,0,0,JBHzUserData,2006-12-30 12:15:19.263,chy,NULL,.000,.000000,1.800000,1.100000,NULL,NULL,1,NULL,NULL,NULL,NULL,NULL,1,1,NULL
40494,NULL,IDD,D986,KSD986,FAI,TO-126,,只,.00,.00,NULL,NULL,0,0,JBHzUserData,2006-12-30 12:15:19.263,chy,NULL,.000,.000000,.550000,1.100000,NULL,NULL,1,NULL,NULL,NULL,NULL,NULL,1,1,NULL
40496,NULL,JCA,M48Z02-150PC,M48Z02-150PC1,ST,PCDIP,,只,.00,.00,NULL,NULL,0,0,JBHzUserData,2006-12-30 12:15:19.263,chy,NULL,.000,.000000,50.000000,NULL,NULL,NULL,1,NULL,NULL,NULL,NULL,NULL,NULL,NULL,NULL
40507,NULL,IDC,TIP50,TIP50,FAI,TO-220,,只,.00,.00,NULL,NULL,0,0,JBHzUserData,2006-12-30 12:15:19.263,chy,NULL,.000,.000000,.000000,1.100000,NULL,1,1,NULL,NULL,NULL,NULL,NULL,1,1,NULL
40515,NULL,JCN,Z0847004,Z0847004PSC Z80 DART,ZIL,DIP,,只,.00,.00,NULL,NULL,0,0,JBHzUserData,2006-12-30 12:15:19.263,chy,NULL,.000,.000000,5.000000,1.100000,NULL,1,1,NULL,NULL,NULL,NULL,NULL,NULL,NULL,NULL
40520,NULL,JCN,LPC920F,P89LPC920FDH,NXP,TSSOP,,只,.00,.00,NULL,NULL,0,0,JBHzUserData,2006-12-30 12:15:19.263,chy,NULL,.000,6.200000,6.200000,1.100000,NULL,1,1,NULL,NULL,NULL,NULL,NULL,1,1,NULL
40527,NULL,JAN,MC14008BC,MC14008BCP,ON,PDIP,,只,.00,.00,NULL,NULL,0,0,JBHzUserData,2006-12-30 12:15:19.263,chy,NULL,.000,.000000,.000000,NULL,NULL,NULL,1,NULL,NULL,NULL,NULL,NULL,1,1,NULL
40533,NULL,JCN,M6759,M6759,ALI,PLCC,TAIWAN,只,.00,.00,NULL,NULL,0,0,JBHzUserData,2006-12-30 12:15:19.263,chy,NULL,.000,.000000,15.000000,NULL,NULL,1,1,NULL,NULL,NULL,NULL,NULL,1,NULL,NULL
40577,NULL,PCA,MOC3022,KMOC3022,COSMO,DIP-6,,只,.00,.00,NULL,NULL,0,0,JBHzUserData,2006-12-30 12:15:19.263,chy,NULL,.000,.000000,.939000,NULL,NULL,NULL,1,NULL,NULL,NULL,NULL,NULL,1,1,NULL
40599,NULL,JCA,27C010,AT27C010-45PI,ATMEL,PDIP,,只,.00,.00,NULL,NULL,0,0,JBHzUserData,2006-12-30 12:15:19.263,chy,NULL,.000,.000000,.000000,NULL,NULL,NULL,1,NULL,NULL,NULL,NULL,NULL,1,1,NULL
40610,NULL,JCN,LPC921F,P89LPC921FDH,NXP,TSSOP,,只,.00,.00,,NULL,0,0,JBHzUserData,2006-12-30 12:15:19.263,chy,NULL,.000,6.800000,6.800000,1.100000,NULL,1,1,NULL,NULL,NULL,NULL,NULL,1,1,NULL
40611,NULL,JAA,74LVC139,SN74LVC139ADR,TI,SOIC-16,,只,.00,.00,NULL,NULL,0,0,JBHzUserData,2006-12-30 12:15:19.263,chy,NULL,.000,.988200,.988200,1.100000,NULL,NULL,1,NULL,NULL,NULL,NULL,NULL,1,1,NULL
40616,NULL,JCA,KM681000CLT-7L,KM681000CLT-7L,SAMSUNG,TSOP,,只,.00,.00,NULL,NULL,0,0,JBHzUserData,2006-12-30 12:15:19.263,chy,NULL,.000,15.000000,15.000000,1.100000,NULL,NULL,1,NULL,NULL,NULL,NULL,NULL,1,1,NULL
40639,NULL,JDO,TOP234,TOP234Y,POWER,TO-220-7B,,只,.00,.00,NULL,NULL,0,0,JBHzUserData,2006-12-30 12:15:19.263,chy,NULL,.000,6.500000,6.500000,1.100000,NULL,NULL,1,NULL,NULL,NULL,NULL,NULL,1,1,NULL
40660,NULL,JDC,LM2678T-5.0,LM2678T-5.0,NSC,TO-220,,只,.00,.00,7脚,NULL,0,0,JBHzUserData,2006-12-30 12:15:19.263,chy,NULL,.000,.000000,.000000,1.100000,NULL,NULL,1,NULL,NULL,NULL,NULL,NULL,1,1,NULL
40661,NULL,JDC,LM2678T-ADJ,LM2678T-ADJ,NSC,TO-220,,只,.00,.00,7脚,NULL,0,0,JBHzUserData,2006-12-30 12:15:19.263,chy,NULL,.000,9.000000,9.000000,1.100000,NULL,NULL,1,NULL,NULL,NULL,NULL,NULL,1,1,NULL
40666,NULL,JAN,74HC10,TC74HC10AFN,TOS,SOP-14,,只,.00,.00,NULL,NULL,0,0,JBHzUserData,2006-12-30 12:15:19.263,chy,NULL,.000,.480000,.480000,1.100000,NULL,NULL,1,NULL,NULL,NULL,NULL,NULL,1,1,NULL
40713,NULL,IBK,22V 1N4748A,1N4748A 22V (编带),VISHAY,DO-41,,只,.00,.00,22V 1W,NULL,0,0,JBHzUserData,2006-12-30 12:15:19.263,chy,NULL,.000,.100000,.100000,1.100000,NULL,NULL,1,NULL,NULL,NULL,NULL,NULL,1,1,NULL
40716,NULL,JEE,7106,ICL7106CPL,(INTS),PDIP,,只,.00,.00,NULL,NULL,0,0,JBHzUserData,2006-12-30 12:15:19.263,chy,NULL,.000,2.900000,2.900000,1.100000,NULL,NULL,1,NULL,NULL,NULL,NULL,NULL,1,NULL,NULL
40717,NULL,IDA,MMBTA05,MMBTA05LT1,CH,SOT-23,,只,.00,.00,NULL,NULL,0,0,JBHzUserData,2006-12-30 12:15:19.263,chy,NULL,.000,.120000,.120000,1.100000,NULL,NULL,1,NULL,NULL,NULL,NULL,NULL,1,1,NULL
40724,NULL,RAB,9.6M,HC-49S9.6M,CH,,,只,.00,.00,NULL,NULL,0,0,JBHzUserData,2006-12-30 12:15:19.263,chy,NULL,.000,.280000,.280000,1.100000,NULL,NULL,1,NULL,NULL,NULL,NULL,NULL,1,1,NULL
40738,NULL,JCA,AT93C46-10PI-2.5,AT93C46-10PI-2.5,ATMEL,PDIP,,只,.00,.00,NULL,NULL,0,0,JBHzUserData,2006-12-30 12:15:19.263,chy,NULL,.000,.000000,.000000,NULL,NULL,NULL,1,NULL,NULL,NULL,NULL,NULL,1,1,NULL
40740,NULL,UE,XXQ,讯响器 36V(一体化),CH,NULL,,只,.00,.00,NULL,NULL,0,0,JBHzUserData,2006-12-30 12:15:19.263,chy,NULL,.000,.000000,.000000,NULL,NULL,NULL,1,NULL,NULL,NULL,NULL,NULL,1,1,NULL
40743,NULL,UE,XXQ,讯响器 36V(超薄）,CH,NULL,,只,.00,.00,NULL,NULL,0,0,JBHzUserData,2006-12-30 12:15:19.263,chy,NULL,.000,.000000,.000000,NULL,NULL,NULL,1,NULL,NULL,NULL,NULL,NULL,1,1,NULL
40746,NULL,UE,XXQ,讯响器 12V(短声),CH,,,只,.00,.00,NULL,NULL,0,0,JBHzUserData,2006-12-30 12:15:19.263,chy,NULL,.000,.000000,.000000,1.100000,NULL,NULL,1,NULL,NULL,NULL,NULL,NULL,1,1,NULL
40747,NULL,UE,XXQ,讯响器 24V(短声),CH,,,只,.00,.00,NULL,NULL,0,0,JBHzUserData,2006-12-30 12:15:19.263,chy,NULL,.000,.000000,.000000,1.100000,NULL,NULL,1,NULL,NULL,NULL,NULL,NULL,1,1,NULL
40748,NULL,UE,XXQ,讯响器 36V(短声),CH,,,只,.00,.00,NULL,NULL,0,0,JBHzUserData,2006-12-30 12:15:19.263,chy,NULL,.000,.000000,.000000,1.100000,NULL,NULL,1,NULL,NULL,NULL,NULL,NULL,1,1,NULL
40753,NULL,IBK,39V 1/2W,FKW39V,FKW,DO-35,,只,.00,.00,NULL,NULL,0,0,JBHzUserData,2006-12-30 12:15:19.263,chy,NULL,.000,.000000,.000000,NULL,NULL,NULL,1,NULL,NULL,NULL,NULL,NULL,1,1,NULL
40758,NULL,IBN,P6KE8.2,P6KE8.2,CH,DO-15,,只,.00,.00,NULL,NULL,0,0,JBHzUserData,2006-12-30 12:15:19.263,chy,NULL,.000,.000000,.000000,NULL,NULL,NULL,1,NULL,NULL,NULL,NULL,NULL,1,1,NULL
40760,NULL,IBN,P6KE9.1,P6KE9.1A,CH,DO-15,,只,.00,.00,NULL,NULL,0,0,JBHzUserData,2006-12-30 12:15:19.263,chy,NULL,.000,.000000,.000000,NULL,NULL,NULL,1,NULL,NULL,NULL,NULL,NULL,1,1,NULL
40761,NULL,IBN,P6KE9.1,P6KE9.1,CH,DO-15,,只,.00,.00,NULL,NULL,0,0,JBHzUserData,2006-12-30 12:15:19.263,chy,NULL,.000,.000000,.000000,NULL,NULL,NULL,1,NULL,NULL,NULL,NULL,NULL,1,1,NULL
40768,NULL,IBN,P6KE14,P6KE14,CH,DO-15,,只,.00,.00,NULL,NULL,0,0,JBHzUserData,2006-12-30 12:15:19.263,chy,NULL,.000,.000000,.000000,NULL,NULL,NULL,1,NULL,NULL,NULL,NULL,NULL,1,1,NULL
40773,NULL,IBN,P6KE20,P6KE20A,CH,DO-15,,只,.00,.00,NULL,NULL,0,0,JBHzUserData,2006-12-30 12:15:19.263,chy,NULL,.000,.350000,.350000,NULL,NULL,NULL,1,NULL,NULL,NULL,NULL,NULL,1,1,NULL
40779,NULL,IBN,P6KE100,P6KE100,CH,DO-15,,只,.00,.00,NULL,NULL,0,0,JBHzUserData,2006-12-30 12:15:19.263,chy,NULL,.000,.000000,.000000,NULL,NULL,NULL,1,NULL,NULL,NULL,NULL,NULL,1,1,NULL
40780,NULL,IBN,P6KE110,P6KE110,CH,DO-15,,只,.00,.00,NULL,NULL,0,0,JBHzUserData,2006-12-30 12:15:19.263,chy,NULL,.000,.000000,.000000,NULL,NULL,NULL,1,NULL,NULL,NULL,NULL,NULL,1,1,NULL
40781,NULL,IBN,P6KE110,P6KE110A,CH,DO-15,,只,.00,.00,NULL,NULL,0,0,JBHzUserData,2006-12-30 12:15:19.263,chy,NULL,.000,.000000,.000000,NULL,NULL,NULL,1,NULL,NULL,NULL,NULL,NULL,1,1,NULL
40783,NULL,IBN,P6KE120,P6KE120,CH,DO-15,,只,.00,.00,NULL,NULL,0,0,JBHzUserData,2006-12-30 12:15:19.263,chy,NULL,.000,.000000,.000000,NULL,NULL,NULL,1,NULL,NULL,NULL,NULL,NULL,1,1,NULL
40784,NULL,IBN,P6KE130,P6KE130,CH,DO-15,,只,.00,.00,NULL,NULL,0,0,JBHzUserData,2006-12-30 12:15:19.263,chy,NULL,.000,.000000,.000000,NULL,NULL,NULL,1,NULL,NULL,NULL,NULL,NULL,1,1,NULL
40788,NULL,IBN,P6KE170,P6KE170A,CH,DO-15,,只,.00,.00,NULL,NULL,0,0,JBHzUserData,2006-12-30 12:15:19.263,chy,NULL,.000,.000000,.000000,NULL,NULL,NULL,1,NULL,NULL,NULL,NULL,NULL,1,1,NULL
40789,NULL,IBN,P6KE170,P6KE170,CH,DO-15,,只,.00,.00,NULL,NULL,0,0,JBHzUserData,2006-12-30 12:15:19.263,chy,NULL,.000,.000000,.000000,NULL,NULL,NULL,1,NULL,NULL,NULL,NULL,NULL,1,1,NULL
40790,NULL,IBN,P6KE27,P6KE27,CH,DO-15,,只,.00,.00,NULL,NULL,0,0,JBHzUserData,2006-12-30 12:15:19.263,chy,NULL,.000,.350000,.350000,NULL,NULL,NULL,1,NULL,NULL,NULL,NULL,NULL,1,1,NULL
40796,NULL,IBN,P6KE47,P6KE47,CH,DO-15,,只,.00,.00,NULL,NULL,0,0,JBHzUserData,2006-12-30 12:15:19.263,chy,NULL,.000,.000000,.000000,NULL,NULL,NULL,1,NULL,NULL,NULL,NULL,NULL,1,1,NULL
40797,NULL,IBN,P6KE47,P6KE47A,CH,DO-15,,只,.00,.00,NULL,NULL,0,0,JBHzUserData,2006-12-30 12:15:19.263,chy,NULL,.000,.000000,.000000,NULL,NULL,NULL,1,NULL,NULL,NULL,NULL,NULL,1,1,NULL
40804,NULL,IBN,P6KE75,P6KE75,CH,DO-15,,只,.00,.00,NULL,NULL,0,0,JBHzUserData,2006-12-30 12:15:19.263,chy,NULL,.000,.000000,.000000,NULL,NULL,NULL,1,NULL,NULL,NULL,NULL,NULL,1,1,NULL
40805,NULL,IBN,P6KE82,P6KE82,CH,DO-15,,只,.00,.00,NULL,NULL,0,0,JBHzUserData,2006-12-30 12:15:19.263,chy,NULL,.000,.000000,.000000,NULL,NULL,NULL,1,NULL,NULL,NULL,NULL,NULL,1,1,NULL
40806,NULL,IBN,P6KE82,P6KE82A,CH,DO-15,,只,.00,.00,NULL,NULL,0,0,JBHzUserData,2006-12-30 12:15:19.263,chy,NULL,.000,.000000,.000000,NULL,NULL,NULL,1,NULL,NULL,NULL,NULL,NULL,1,1,NULL
40807,NULL,IBN,P6KE91,P6KE91A,CH,DO-15,,只,.00,.00,NULL,NULL,0,0,JBHzUserData,2006-12-30 12:15:19.263,chy,NULL,.000,.000000,.000000,NULL,NULL,NULL,1,NULL,NULL,NULL,NULL,NULL,1,1,NULL
40808,NULL,IBN,P6KE91,P6KE91,CH,DO-15,,只,.00,.00,NULL,NULL,0,0,JBHzUserData,2006-12-30 12:15:19.263,chy,NULL,.000,.000000,.000000,NULL,NULL,NULL,1,NULL,NULL,NULL,NULL,NULL,1,1,NULL
40812,NULL,IBN,P6KE250,P6KE250,CH,DO-15,,只,.00,.00,NULL,NULL,0,0,JBHzUserData,2006-12-30 12:15:19.263,chy,NULL,.000,.000000,.000000,NULL,NULL,NULL,1,NULL,NULL,NULL,NULL,NULL,1,1,NULL
40815,NULL,IBN,P6KE350,P6KE350A,CH,DO-15,,只,.00,.00,NULL,NULL,0,0,JBHzUserData,2006-12-30 12:15:19.263,chy,NULL,.000,.000000,.000000,NULL,NULL,NULL,1,NULL,NULL,NULL,NULL,NULL,1,1,NULL
40816,NULL,IBN,P6KE350,P6KE350,CH,DO-15,,只,.00,.00,NULL,NULL,0,0,JBHzUserData,2006-12-30 12:15:19.263,chy,NULL,.000,.000000,.000000,NULL,NULL,NULL,1,NULL,NULL,NULL,NULL,NULL,1,1,NULL
40819,NULL,IBN,P6KE440,P6KE440A,CH,DO-15,,只,.00,.00,NULL,NULL,0,0,JBHzUserData,2006-12-30 12:15:19.263,chy,NULL,.000,.000000,.000000,NULL,NULL,NULL,1,NULL,NULL,NULL,NULL,NULL,1,1,NULL
40821,NULL,IBN,1.5KE6.8,1.5KE6.8,CH,DO-27,,只,.00,.00,NULL,NULL,0,0,JBHzUserData,2006-12-30 12:15:19.263,chy,NULL,.000,.000000,.000000,NULL,NULL,NULL,1,NULL,NULL,NULL,NULL,NULL,1,1,NULL
40823,NULL,IBN,1.5KE7.5,1.5KE7.5A,CH,DO-27,,只,.00,.00,NULL,NULL,0,0,JBHzUserData,2006-12-30 12:15:19.263,chy,NULL,.000,.000000,.000000,NULL,NULL,NULL,1,NULL,NULL,NULL,NULL,NULL,1,1,NULL
40824,NULL,IBN,1.5KE7.5,1.5KE7.5,CH,DO-27,,只,.00,.00,NULL,NULL,0,0,JBHzUserData,2006-12-30 12:15:19.263,chy,NULL,.000,.000000,.000000,NULL,NULL,NULL,1,NULL,NULL,NULL,NULL,NULL,1,1,NULL
40825,NULL,IBN,1.5KE8.2,1.5KE8.2,CH,DO-27,,只,.00,.00,NULL,NULL,0,0,JBHzUserData,2006-12-30 12:15:19.263,chy,NULL,.000,.000000,.000000,NULL,NULL,NULL,1,NULL,NULL,NULL,NULL,NULL,1,1,NULL
40826,NULL,IBN,1.5KE8.2,1.5KE8.2A,CH,DO-27,,只,.00,.00,NULL,NULL,0,0,JBHzUserData,2006-12-30 12:15:19.263,chy,NULL,.000,.000000,.000000,NULL,NULL,NULL,1,NULL,NULL,NULL,NULL,NULL,1,1,NULL
40827,NULL,IBN,1.5KE9.1,1.5KE9.1A,CH,DO-27,,只,.00,.00,NULL,NULL,0,0,JBHzUserData,2006-12-30 12:15:19.263,chy,NULL,.000,.000000,.000000,NULL,NULL,NULL,1,NULL,NULL,NULL,NULL,NULL,1,1,NULL
40828,NULL,IBN,1.5KE10,1.5KE10,CH,DO-27,,只,.00,.00,NULL,NULL,0,0,JBHzUserData,2006-12-30 12:15:19.263,chy,NULL,.000,.000000,.000000,NULL,NULL,NULL,1,NULL,NULL,NULL,NULL,NULL,1,1,NULL
40829,NULL,IBN,1.5KE10,1.5KE10A,CH,DO-27,,只,.00,.00,NULL,NULL,0,0,JBHzUserData,2006-12-30 12:15:19.263,chy,NULL,.000,.000000,.000000,NULL,NULL,NULL,1,NULL,NULL,NULL,NULL,NULL,1,1,NULL
40830,NULL,IBN,1.5KE11,1.5KE11A,CH,DO-27,,只,.00,.00,NULL,NULL,0,0,JBHzUserData,2006-12-30 12:15:19.263,chy,NULL,.000,.000000,.000000,NULL,NULL,NULL,1,NULL,NULL,NULL,NULL,NULL,1,1,NULL
40831,NULL,IBN,1.5KE11,1.5KE11,CH,DO-27,,只,.00,.00,NULL,NULL,0,0,JBHzUserData,2006-12-30 12:15:19.263,chy,NULL,.000,.000000,.000000,NULL,NULL,NULL,1,NULL,NULL,NULL,NULL,NULL,1,1,NULL
40833,NULL,IBN,1.5KE12,1.5KE12A,CH,DO-27,,只,.00,.00,NULL,NULL,0,0,JBHzUserData,2006-12-30 12:15:19.263,chy,NULL,.000,.000000,.000000,NULL,NULL,NULL,1,NULL,NULL,NULL,NULL,NULL,1,1,NULL
40834,NULL,IBN,1.5KE13,1.5KE13A,CH,DO-27,,只,.00,.00,NULL,NULL,0,0,JBHzUserData,2006-12-30 12:15:19.263,chy,NULL,.000,.000000,.000000,NULL,NULL,NULL,1,NULL,NULL,NULL,NULL,NULL,1,1,NULL
40835,NULL,IBN,1.5KE13,1.5KE13,CH,DO-27,,只,.00,.00,NULL,NULL,0,0,JBHzUserData,2006-12-30 12:15:19.263,chy,NULL,.000,.000000,.000000,NULL,NULL,NULL,1,NULL,NULL,NULL,NULL,NULL,1,1,NULL
40837,NULL,IBN,1.5KE16,1.5KE16A,CH,DO-27,,只,.00,.00,NULL,NULL,0,0,JBHzUserData,2006-12-30 12:15:19.263,chy,NULL,.000,.000000,.000000,NULL,NULL,NULL,1,NULL,NULL,NULL,NULL,NULL,1,1,NULL
40840,NULL,IBN,1.5KE18,1.5KE18A,CH,DO-27,,只,.00,.00,NULL,NULL,0,0,JBHzUserData,2006-12-30 12:15:19.263,chy,NULL,.000,.650000,.650000,NULL,NULL,NULL,1,NULL,NULL,NULL,NULL,NULL,1,1,NULL
40841,NULL,IBN,1.5KE20,1.5KE20A,CH,DO-27,,只,.00,.00,NULL,NULL,0,0,JBHzUserData,2006-12-30 12:15:19.263,chy,NULL,.000,.000000,.000000,NULL,NULL,NULL,1,NULL,NULL,NULL,NULL,NULL,1,1,NULL
40842,NULL,IBN,1.5KE20,1.5KE20,CH,DO-27,,只,.00,.00,NULL,NULL,0,0,JBHzUserData,2006-12-30 12:15:19.263,chy,NULL,.000,.000000,.000000,NULL,NULL,NULL,1,NULL,NULL,NULL,NULL,NULL,1,1,NULL
40843,NULL,IBN,1.5KE22,1.5KE22,CH,DO-27,,只,.00,.00,NULL,NULL,0,0,JBHzUserData,2006-12-30 12:15:19.263,chy,NULL,.000,.000000,.000000,NULL,NULL,NULL,1,NULL,NULL,NULL,NULL,NULL,1,1,NULL
40844,NULL,IBN,1.5KE22,1.5KE22A,CH,DO-27,,只,.00,.00,NULL,NULL,0,0,JBHzUserData,2006-12-30 12:15:19.263,chy,NULL,.000,.000000,.000000,NULL,NULL,NULL,1,NULL,NULL,NULL,NULL,NULL,1,1,NULL
40845,NULL,IBN,1.5KE24,1.5KE24A,CH,DO-27,,只,.00,.00,NULL,NULL,0,0,JBHzUserData,2006-12-30 12:15:19.263,chy,NULL,.000,.000000,.000000,NULL,NULL,NULL,1,NULL,NULL,NULL,NULL,NULL,1,1,NULL
40846,NULL,IBN,1.5KE24,1.5KE24,CH,DO-27,,只,.00,.00,NULL,NULL,0,0,JBHzUserData,2006-12-30 12:15:19.263,chy,NULL,.000,.000000,.000000,NULL,NULL,NULL,1,NULL,NULL,NULL,NULL,NULL,1,1,NULL
40851,NULL,IBN,1.5KE130,1.5KE130,CH,DO-27,,只,.00,.00,NULL,NULL,0,0,JBHzUserData,2006-12-30 12:15:19.263,chy,NULL,.000,.000000,.000000,NULL,NULL,NULL,1,NULL,NULL,NULL,NULL,NULL,1,1,NULL
40852,NULL,IBN,1.5KE150,1.5KE150,CH,DO-27,,只,.00,.00,NULL,NULL,0,0,JBHzUserData,2006-12-30 12:15:19.263,chy,NULL,.000,.000000,.000000,NULL,NULL,NULL,1,NULL,NULL,NULL,NULL,NULL,1,1,NULL
40854,NULL,IBN,1.5KE160,1.5KE160A,CH,DO-27,,只,.00,.00,NULL,NULL,0,0,JBHzUserData,2006-12-30 12:15:19.263,chy,NULL,.000,.000000,.000000,NULL,NULL,NULL,1,NULL,NULL,NULL,NULL,NULL,1,1,NULL
40855,NULL,IBN,1.5KE160,1.5KE160,CH,DO-27,,只,.00,.00,NULL,NULL,0,0,JBHzUserData,2006-12-30 12:15:19.263,chy,NULL,.000,.000000,.000000,NULL,NULL,NULL,1,NULL,NULL,NULL,NULL,NULL,1,1,NULL
40856,NULL,IBN,1.5KE170,1.5KE170,CH,DO-27,,只,.00,.00,NULL,NULL,0,0,JBHzUserData,2006-12-30 12:15:19.263,chy,NULL,.000,.000000,.000000,NULL,NULL,NULL,1,NULL,NULL,NULL,NULL,NULL,1,1,NULL
40857,NULL,IBN,1.5KE170,1.5KE170A,CH,DO-27,,只,.00,.00,NULL,NULL,0,0,JBHzUserData,2006-12-30 12:15:19.263,chy,NULL,.000,.000000,.000000,NULL,NULL,NULL,1,NULL,NULL,NULL,NULL,NULL,1,1,NULL
40858,NULL,IBN,1.5KE180,1.5KE180A,CH,DO-27,,只,.00,.00,NULL,NULL,0,0,JBHzUserData,2006-12-30 12:15:19.263,chy,NULL,.000,.000000,.000000,NULL,NULL,NULL,1,NULL,NULL,NULL,NULL,NULL,1,1,NULL
40859,NULL,IBN,1.5KE180,1.5KE180,CH,DO-27,,只,.00,.00,NULL,NULL,0,0,JBHzUserData,2006-12-30 12:15:19.263,chy,NULL,.000,.000000,.000000,NULL,NULL,NULL,1,NULL,NULL,NULL,NULL,NULL,1,1,NULL
40861,NULL,IBN,1.5KE200,1.5KE200A,CH,DO-27,,只,.00,.00,NULL,NULL,0,0,JBHzUserData,2006-12-30 12:15:19.263,chy,NULL,.000,.650000,.650000,NULL,NULL,NULL,1,NULL,NULL,NULL,NULL,NULL,1,1,NULL
40864,NULL,IBN,1.5KE33,1.5KE33,CH,DO-27,,只,.00,.00,NULL,NULL,0,0,JBHzUserData,2006-12-30 12:15:19.263,chy,NULL,.000,.000000,.000000,NULL,NULL,NULL,1,NULL,NULL,NULL,NULL,NULL,1,1,NULL
40869,NULL,IBN,1.5KE43,1.5KE43,CH,DO-27,,只,.00,.00,NULL,NULL,0,0,JBHzUserData,2006-12-30 12:15:19.263,chy,NULL,.000,.000000,.000000,NULL,NULL,NULL,1,NULL,NULL,NULL,NULL,NULL,1,1,NULL
40871,NULL,IBN,1.5KE47,1.5KE47A,CH,DO-27,,只,.00,.00,NULL,NULL,0,0,JBHzUserData,2006-12-30 12:15:19.263,chy,NULL,.000,.000000,.000000,NULL,NULL,NULL,1,NULL,NULL,NULL,NULL,NULL,1,1,NULL
40872,NULL,IBN,1.5KE47,1.5KE47,CH,DO-27,,只,.00,.00,NULL,NULL,0,0,JBHzUserData,2006-12-30 12:15:19.263,chy,NULL,.000,.000000,.000000,NULL,NULL,NULL,1,NULL,NULL,NULL,NULL,NULL,1,1,NULL
40873,NULL,IBN,1.5KE51,1.5KE51,CH,DO-27,,只,.00,.00,NULL,NULL,0,0,JBHzUserData,2006-12-30 12:15:19.263,chy,NULL,.000,.000000,.000000,NULL,NULL,NULL,1,NULL,NULL,NULL,NULL,NULL,1,1,NULL
40874,NULL,IBN,1.5KE51,1.5KE51A,CH,DO-27,,只,.00,.00,NULL,NULL,0,0,JBHzUserData,2006-12-30 12:15:19.263,chy,NULL,.000,.000000,.000000,NULL,NULL,NULL,1,NULL,NULL,NULL,NULL,NULL,1,1,NULL
40875,NULL,IBN,1.5KE56,1.5KE56A,CH,DO-27,,只,.00,.00,NULL,NULL,0,0,JBHzUserData,2006-12-30 12:15:19.263,chy,NULL,.000,.000000,.000000,NULL,NULL,NULL,1,NULL,NULL,NULL,NULL,NULL,1,1,NULL
40877,NULL,IBN,1.5KE62,1.5KE62,CH,DO-27,,只,.00,.00,NULL,NULL,0,0,JBHzUserData,2006-12-30 12:15:19.263,chy,NULL,.000,.000000,.000000,NULL,NULL,NULL,1,NULL,NULL,NULL,NULL,NULL,1,1,NULL
40878,NULL,IBN,1.5KE62,1.5KE62A,CH,DO-27,,只,.00,.00,NULL,NULL,0,0,JBHzUserData,2006-12-30 12:15:19.263,chy,NULL,.000,.000000,.000000,NULL,NULL,NULL,1,NULL,NULL,NULL,NULL,NULL,1,1,NULL
40879,NULL,IBN,1.5KE68,1.5KE68A,CH,DO-27,,只,.00,.00,NULL,NULL,0,0,JBHzUserData,2006-12-30 12:15:19.263,chy,NULL,.000,.000000,.000000,NULL,NULL,NULL,1,NULL,NULL,NULL,NULL,NULL,1,1,NULL
40880,NULL,IBN,1.5KE68,1.5KE68,CH,DO-27,,只,.00,.00,NULL,NULL,0,0,JBHzUserData,2006-12-30 12:15:19.263,chy,NULL,.000,.000000,.000000,NULL,NULL,NULL,1,NULL,NULL,NULL,NULL,NULL,1,1,NULL
40881,NULL,IBN,1.5KE75,1.5KE75,CH,DO-27,,只,.00,.00,NULL,NULL,0,0,JBHzUserData,2006-12-30 12:15:19.263,chy,NULL,.000,.000000,.000000,NULL,NULL,NULL,1,NULL,NULL,NULL,NULL,NULL,1,1,NULL
40882,NULL,IBN,1.5KE75,1.5KE75A,CH,DO-27,,只,.00,.00,NULL,NULL,0,0,JBHzUserData,2006-12-30 12:15:19.263,chy,NULL,.000,.000000,.000000,NULL,NULL,NULL,1,NULL,NULL,NULL,NULL,NULL,1,1,NULL
40883,NULL,IBN,1.5KE82,1.5KE82A,CH,DO-27,,只,.00,.00,NULL,NULL,0,0,JBHzUserData,2006-12-30 12:15:19.263,chy,NULL,.000,.000000,.000000,NULL,NULL,NULL,1,NULL,NULL,NULL,NULL,NULL,1,1,NULL
40884,NULL,IBN,1.5KE82,1.5KE82,CH,DO-27,,只,.00,.00,NULL,NULL,0,0,JBHzUserData,2006-12-30 12:15:19.263,chy,NULL,.000,.000000,.000000,NULL,NULL,NULL,1,NULL,NULL,NULL,NULL,NULL,1,1,NULL
40885,NULL,IBN,1.5KE91 ,1.5KE91,CH,DO-27,,只,.00,.00,NULL,NULL,0,0,JBHzUserData,2006-12-30 12:15:19.263,chy,NULL,.000,.000000,.000000,NULL,NULL,NULL,1,NULL,NULL,NULL,NULL,NULL,1,1,NULL
40886,NULL,IBN,1.5KE91,1.5KE91A,CH,DO-27,,只,.00,.00,NULL,NULL,0,0,JBHzUserData,2006-12-30 12:15:19.263,chy,NULL,.000,.000000,.000000,NULL,NULL,NULL,1,NULL,NULL,NULL,NULL,NULL,1,1,NULL
40888,NULL,IBN,1.5KE110,1.5KE110A,CH,DO-27,,只,.00,.00,NULL,NULL,0,0,JBHzUserData,2006-12-30 12:15:19.263,chy,NULL,.000,.000000,.000000,NULL,NULL,NULL,1,NULL,NULL,NULL,NULL,NULL,1,1,NULL
40889,NULL,IBN,1.5KE110,1.5KE110,CH,DO-27,,只,.00,.00,NULL,NULL,0,0,JBHzUserData,2006-12-30 12:15:19.263,chy,NULL,.000,.000000,.000000,NULL,NULL,NULL,1,NULL,NULL,NULL,NULL,NULL,1,1,NULL
40890,NULL,IBN,1.5KE100,1.5KE100,CH,DO-27,,只,.00,.00,NULL,NULL,0,0,JBHzUserData,2006-12-30 12:15:19.263,chy,NULL,.000,.000000,.000000,NULL,NULL,NULL,1,NULL,NULL,NULL,NULL,NULL,1,1,NULL
40891,NULL,IBN,1.5KE120,1.5KE120,CH,DO-27,,只,.00,.00,NULL,NULL,0,0,JBHzUserData,2006-12-30 12:15:19.263,chy,NULL,.000,.000000,.000000,NULL,NULL,NULL,1,NULL,NULL,NULL,NULL,NULL,1,1,NULL
40892,NULL,IBN,1.5KE120,1.5KE120A,CH,DO-27,,只,.00,.00,NULL,NULL,0,0,JBHzUserData,2006-12-30 12:15:19.263,chy,NULL,.000,.000000,.000000,NULL,NULL,NULL,1,NULL,NULL,NULL,NULL,NULL,1,1,NULL
40893,NULL,IBN,1.5KE220,1.5KE220A,CH,DO-27,,只,.00,.00,NULL,NULL,0,0,JBHzUserData,2006-12-30 12:15:19.263,chy,NULL,.000,.000000,.000000,NULL,NULL,NULL,1,NULL,NULL,NULL,NULL,NULL,1,1,NULL
40894,NULL,IBN,1.5KE220,1.5KE220,CH,DO-27,,只,.00,.00,NULL,NULL,0,0,JBHzUserData,2006-12-30 12:15:19.263,chy,NULL,.000,.000000,.000000,NULL,NULL,NULL,1,NULL,NULL,NULL,NULL,NULL,1,1,NULL
40896,NULL,IBN,1.5KE250,1.5KE250A,CH,DO-27,,只,.00,.00,NULL,NULL,0,0,JBHzUserData,2006-12-30 12:15:19.263,chy,NULL,.000,.000000,.000000,NULL,NULL,NULL,1,NULL,NULL,NULL,NULL,NULL,1,1,NULL
40897,NULL,IBN,1.5KE300,1.5KE300A,CH,DO-27,,只,.00,.00,NULL,NULL,0,0,JBHzUserData,2006-12-30 12:15:19.263,chy,NULL,.000,.000000,.000000,NULL,NULL,NULL,1,NULL,NULL,NULL,NULL,NULL,1,1,NULL
40898,NULL,IBN,1.5KE300,1.5KE300,CH,DO-27,,只,.00,.00,NULL,NULL,0,0,JBHzUserData,2006-12-30 12:15:19.263,chy,NULL,.000,.000000,.000000,NULL,NULL,NULL,1,NULL,NULL,NULL,NULL,NULL,1,1,NULL
40899,NULL,IBN,1.5KE350,1.5KE350,CH,DO-27,,只,.00,.00,NULL,NULL,0,0,JBHzUserData,2006-12-30 12:15:19.263,chy,NULL,.000,.000000,.000000,NULL,NULL,NULL,1,NULL,NULL,NULL,NULL,NULL,1,1,NULL
40902,NULL,IBN,1.5KE400,1.5KE400,CH,DO-27,,只,.00,.00,NULL,NULL,0,0,JBHzUserData,2006-12-30 12:15:19.263,chy,NULL,.000,.000000,.000000,NULL,NULL,NULL,1,NULL,NULL,NULL,NULL,NULL,1,1,NULL
40904,NULL,IBN,1.5KE440,1.5KE440A,CH,DO-27,,只,.00,.00,NULL,NULL,0,0,JBHzUserData,2006-12-30 12:15:19.263,chy,NULL,.000,.000000,.000000,NULL,NULL,NULL,1,NULL,NULL,NULL,NULL,NULL,1,1,NULL
40936,NULL,IBK,ZMM 51V,ZMM 51V,SEMTECH,LL-34,,只,.00,.00,NULL,NULL,0,0,JBHzUserData,2006-12-30 12:15:19.263,chy,NULL,.000,.000000,.000000,1.100000,NULL,NULL,1,NULL,NULL,NULL,NULL,NULL,1,1,NULL
40937,NULL,IBK,ZMM 56V,ZMM 56V,SEMTECH,LL-34,,只,.00,.00,NULL,NULL,0,0,JBHzUserData,2006-12-30 12:15:19.263,chy,NULL,.000,.000000,.000000,1.100000,NULL,NULL,1,NULL,NULL,NULL,NULL,NULL,1,1,NULL
40938,NULL,IBK,ZMM 62V,ZMM 62V,SEMTECH,LL-34,,只,.00,.00,NULL,NULL,0,0,JBHzUserData,2006-12-30 12:15:19.263,chy,NULL,.000,.000000,.000000,1.100000,NULL,NULL,1,NULL,NULL,NULL,NULL,NULL,1,1,NULL
40939,NULL,IBK,ZMM 68V,ZMM 68V,SEMTECH,LL-34,,只,.00,.00,NULL,NULL,0,0,JBHzUserData,2006-12-30 12:15:19.263,chy,NULL,.000,.000000,.000000,1.100000,NULL,NULL,1,NULL,NULL,NULL,NULL,NULL,1,1,NULL
40940,NULL,IBK,ZMM 75V,ZMM 75V,SEMTECH,LL-34,,只,.00,.00,NULL,NULL,0,0,JBHzUserData,2006-12-30 12:15:19.263,chy,NULL,.000,.000000,.000000,1.100000,NULL,NULL,1,NULL,NULL,NULL,NULL,NULL,1,1,NULL
40943,NULL,JFO,TDA2009A,TDA2009A,ST,Multiwatt11,,只,.00,.00,封装：multiwatt11,NULL,0,0,JBHzUserData,2006-12-30 12:15:19.263,chy,NULL,.000,4.100000,4.100000,1.100000,NULL,NULL,1,NULL,NULL,NULL,NULL,NULL,1,1,NULL
41250,NULL,ABD,3266W-204,3266W-1-204,CH,,,只,.00,.00,,NULL,0,0,JBHzUserData,2006-12-30 12:15:19.263,chy,NULL,.000,.600000,.600000,1.100000,NULL,NULL,1,NULL,NULL,NULL,NULL,NULL,1,1,NULL
41251,NULL,JGE,X93156UM8I-2.7,X93156UM8I-2.7,INTS,MSOP,,只,.00,.00,数字控制电位器,NULL,0,0,JBHzUserData,2006-12-30 12:15:19.263,chy,NULL,.000,5.000000,5.000000,1.100000,NULL,NULL,1,NULL,NULL,NULL,NULL,NULL,1,1,NULL
41263,NULL,BAD,C0603C473,C0603C473M-25V,国巨,0603,,只,.00,.00,NULL,NULL,0,0,JBHzUserData,2006-12-30 12:15:19.263,chy,NULL,.000,.013000,.013000,1.100000,NULL,NULL,1,NULL,NULL,NULL,NULL,NULL,1,1,NULL
41328,NULL,JCA,24C128,AT24C128N-10SU-1.8,ATMEL,SOIC-8,,只,.00,.00,NULL,NULL,0,0,JBHzUserData,2006-12-30 12:15:19.263,chy,NULL,.000,.000000,.000000,1.100000,NULL,NULL,1,NULL,NULL,NULL,NULL,NULL,1,1,NULL
